timestamp, name, temperature.gpu, utilization.gpu [%], memory.used [MiB], power.draw [W], clocks.current.sm [MHz], clocks.current.memory [MHz]
2026/09/22 20:39:21.712, NVIDIA GeForce RTX 3060 Laptop GPU, 42, 40 %, 2961 MiB, 24.81 W, 412 MHz, 7001 MHz
2026/09/22 20:39:22.723, NVIDIA GeForce RTX 3060 Laptop GPU, 42, 29 %, 2964 MiB, 25.07 W, 375 MHz, 7001 MHz
2026/09/22 20:39:23.738, NVIDIA GeForce RTX 3060 Laptop GPU, 42, 37 %, 2964 MiB, 24.43 W, 375 MHz, 7001 MHz
2026/09/22 20:39:24.744, NVIDIA GeForce RTX 3060 Laptop GPU, 42, 29 %, 2953 MiB, 24.31 W, 345 MHz, 7001 MHz
2026/09/22 20:39:25.758, NVIDIA GeForce RTX 3060 Laptop GPU, 42, 32 %, 2934 MiB, 24.16 W, 315 MHz, 7001 MHz
2026/09/22 20:39:26.771, NVIDIA GeForce RTX 3060 Laptop GPU, 42, 30 %, 2667 MiB, 24.71 W, 360 MHz, 7001 MHz
2026/09/22 20:39:27.786, NVIDIA GeForce RTX 3060 Laptop GPU, 42, 28 %, 2873 MiB, 24.35 W, 360 MHz, 7001 MHz
2026/09/22 20:39:28.788, NVIDIA GeForce RTX 3060 Laptop GPU, 42, 39 %, 2862 MiB, 24.17 W, 315 MHz, 7001 MHz
2026/09/22 20:39:29.802, NVIDIA GeForce RTX 3060 Laptop GPU, 42, 13 %, 3025 MiB, 29.20 W, 1567 MHz, 7001 MHz
2026/09/22 20:39:30.813, NVIDIA GeForce RTX 3060 Laptop GPU, 43, 13 %, 3161 MiB, 30.31 W, 1567 MHz, 7001 MHz
2026/09/22 20:39:31.814, NVIDIA GeForce RTX 3060 Laptop GPU, 47, 31 %, 4653 MiB, 56.41 W, 1980 MHz, 7001 MHz
2026/09/22 20:39:32.826, NVIDIA GeForce RTX 3060 Laptop GPU, 53, 99 %, 4443 MiB, 115.78 W, 1897 MHz, 7001 MHz
2026/09/22 20:39:33.841, NVIDIA GeForce RTX 3060 Laptop GPU, 54, 99 %, 4628 MiB, 117.24 W, 1972 MHz, 7001 MHz
2026/09/22 20:39:34.855, NVIDIA GeForce RTX 3060 Laptop GPU, 54, 99 %, 4638 MiB, 118.43 W, 1987 MHz, 7001 MHz
2026/09/22 20:39:35.867, NVIDIA GeForce RTX 3060 Laptop GPU, 53, 10 %, 4639 MiB, 109.32 W, 1987 MHz, 7001 MHz
2026/09/22 20:39:36.881, NVIDIA GeForce RTX 3060 Laptop GPU, 47, 10 %, 2853 MiB, 42.12 W, 1972 MHz, 7001 MHz
2026/09/22 20:39:37.882, NVIDIA GeForce RTX 3060 Laptop GPU, 46, 17 %, 2868 MiB, 38.85 W, 825 MHz, 7001 MHz
2026/09/22 20:39:38.895, NVIDIA GeForce RTX 3060 Laptop GPU, 45, 28 %, 2752 MiB, 25.50 W, 682 MHz, 7001 MHz
2026/09/22 20:39:39.899, NVIDIA GeForce RTX 3060 Laptop GPU, 44, 20 %, 2915 MiB, 24.47 W, 577 MHz, 7001 MHz
2026/09/22 20:39:40.908, NVIDIA GeForce RTX 3060 Laptop GPU, 45, 12 %, 2922 MiB, 29.59 W, 1567 MHz, 7001 MHz
2026/09/22 20:39:41.909, NVIDIA GeForce RTX 3060 Laptop GPU, 45, 44 %, 3954 MiB, 31.77 W, 1567 MHz, 7001 MHz
2026/09/22 20:39:42.922, NVIDIA GeForce RTX 3060 Laptop GPU, 52, 99 %, 3976 MiB, 69.19 W, 1972 MHz, 7001 MHz
2026/09/22 20:39:43.924, NVIDIA GeForce RTX 3060 Laptop GPU, 53, 98 %, 3968 MiB, 103.25 W, 1972 MHz, 7001 MHz
2026/09/22 20:39:44.932, NVIDIA GeForce RTX 3060 Laptop GPU, 48, 11 %, 2773 MiB, 59.25 W, 1972 MHz, 7001 MHz
2026/09/22 20:39:45.942, NVIDIA GeForce RTX 3060 Laptop GPU, 47, 10 %, 2725 MiB, 41.96 W, 855 MHz, 7001 MHz
2026/09/22 20:39:46.950, NVIDIA GeForce RTX 3060 Laptop GPU, 45, 19 %, 2701 MiB, 27.10 W, 720 MHz, 7001 MHz
2026/09/22 20:39:47.960, NVIDIA GeForce RTX 3060 Laptop GPU, 45, 18 %, 2871 MiB, 24.43 W, 585 MHz, 7001 MHz
2026/09/22 20:39:48.971, NVIDIA GeForce RTX 3060 Laptop GPU, 45, 19 %, 3020 MiB, 30.03 W, 1567 MHz, 7001 MHz
2026/09/22 20:39:49.978, NVIDIA GeForce RTX 3060 Laptop GPU, 45, 42 %, 3906 MiB, 34.89 W, 1567 MHz, 7001 MHz
2026/09/22 20:39:50.989, NVIDIA GeForce RTX 3060 Laptop GPU, 53, 96 %, 4058 MiB, 86.48 W, 1972 MHz, 7001 MHz
2026/09/22 20:39:52.001, NVIDIA GeForce RTX 3060 Laptop GPU, 54, 40 %, 4134 MiB, 101.38 W, 1972 MHz, 7001 MHz
2026/09/22 20:39:53.007, NVIDIA GeForce RTX 3060 Laptop GPU, 48, 10 %, 2884 MiB, 43.67 W, 1972 MHz, 7001 MHz
2026/09/22 20:39:54.018, NVIDIA GeForce RTX 3060 Laptop GPU, 46, 18 %, 2899 MiB, 39.30 W, 1170 MHz, 7001 MHz
2026/09/22 20:39:55.033, NVIDIA GeForce RTX 3060 Laptop GPU, 45, 18 %, 2944 MiB, 25.78 W, 930 MHz, 7001 MHz
2026/09/22 20:39:56.041, NVIDIA GeForce RTX 3060 Laptop GPU, 45, 17 %, 2944 MiB, 24.84 W, 720 MHz, 7001 MHz
2026/09/22 20:39:57.054, NVIDIA GeForce RTX 3060 Laptop GPU, 44, 19 %, 2822 MiB, 24.62 W, 570 MHz, 7001 MHz
2026/09/22 20:39:58.066, NVIDIA GeForce RTX 3060 Laptop GPU, 44, 25 %, 2832 MiB, 24.48 W, 465 MHz, 7001 MHz
2026/09/22 20:39:59.076, NVIDIA GeForce RTX 3060 Laptop GPU, 44, 24 %, 2833 MiB, 25.44 W, 495 MHz, 7001 MHz
2026/09/22 20:40:00.091, NVIDIA GeForce RTX 3060 Laptop GPU, 44, 21 %, 2715 MiB, 24.52 W, 495 MHz, 7001 MHz
2026/09/22 20:40:01.100, NVIDIA GeForce RTX 3060 Laptop GPU, 43, 32 %, 2705 MiB, 24.33 W, 322 MHz, 7001 MHz
2026/09/22 20:40:02.111, NVIDIA GeForce RTX 3060 Laptop GPU, 43, 34 %, 2658 MiB, 24.19 W, 300 MHz, 7001 MHz
2026/09/22 20:40:03.126, NVIDIA GeForce RTX 3060 Laptop GPU, 43, 31 %, 2654 MiB, 24.91 W, 375 MHz, 7001 MHz
2026/09/22 20:40:04.135, NVIDIA GeForce RTX 3060 Laptop GPU, 43, 27 %, 2868 MiB, 24.61 W, 375 MHz, 7001 MHz
2026/09/22 20:40:05.145, NVIDIA GeForce RTX 3060 Laptop GPU, 43, 28 %, 2858 MiB, 24.39 W, 360 MHz, 7001 MHz
2026/09/22 20:40:06.160, NVIDIA GeForce RTX 3060 Laptop GPU, 43, 30 %, 2868 MiB, 24.34 W, 360 MHz, 7001 MHz
2026/09/22 20:40:07.167, NVIDIA GeForce RTX 3060 Laptop GPU, 43, 30 %, 2858 MiB, 25.11 W, 382 MHz, 7001 MHz
2026/09/22 20:40:08.181, NVIDIA GeForce RTX 3060 Laptop GPU, 43, 27 %, 2869 MiB, 24.28 W, 382 MHz, 7001 MHz
2026/09/22 20:40:09.193, NVIDIA GeForce RTX 3060 Laptop GPU, 43, 28 %, 2838 MiB, 24.39 W, 367 MHz, 7001 MHz
2026/09/22 20:40:10.201, NVIDIA GeForce RTX 3060 Laptop GPU, 43, 31 %, 2848 MiB, 24.18 W, 367 MHz, 7001 MHz
2026/09/22 20:40:11.213, NVIDIA GeForce RTX 3060 Laptop GPU, 42, 29 %, 2840 MiB, 25.02 W, 375 MHz, 7001 MHz
2026/09/22 20:40:12.227, NVIDIA GeForce RTX 3060 Laptop GPU, 43, 29 %, 2840 MiB, 24.16 W, 375 MHz, 7001 MHz
2026/09/22 20:40:13.240, NVIDIA GeForce RTX 3060 Laptop GPU, 42, 31 %, 2723 MiB, 23.99 W, 285 MHz, 7001 MHz
2026/09/22 20:40:14.252, NVIDIA GeForce RTX 3060 Laptop GPU, 42, 35 %, 2733 MiB, 24.42 W, 345 MHz, 7001 MHz
2026/09/22 20:40:15.264, NVIDIA GeForce RTX 3060 Laptop GPU, 43, 30 %, 2733 MiB, 24.18 W, 382 MHz, 7001 MHz
2026/09/22 20:40:16.278, NVIDIA GeForce RTX 3060 Laptop GPU, 43, 30 %, 2851 MiB, 24.30 W, 382 MHz, 7001 MHz
2026/09/22 20:40:17.289, NVIDIA GeForce RTX 3060 Laptop GPU, 43, 32 %, 2863 MiB, 24.59 W, 322 MHz, 7001 MHz
2026/09/22 20:40:18.305, NVIDIA GeForce RTX 3060 Laptop GPU, 44, 11 %, 2965 MiB, 26.20 W, 1567 MHz, 7001 MHz
2026/09/22 20:40:19.318, NVIDIA GeForce RTX 3060 Laptop GPU, 44, 15 %, 2962 MiB, 30.22 W, 1567 MHz, 7001 MHz
2026/09/22 20:40:20.330, NVIDIA GeForce RTX 3060 Laptop GPU, 44, 13 %, 2962 MiB, 29.26 W, 1567 MHz, 7001 MHz
2026/09/22 20:40:21.331, NVIDIA GeForce RTX 3060 Laptop GPU, 44, 13 %, 2843 MiB, 29.21 W, 1567 MHz, 7001 MHz
2026/09/22 20:40:22.345, NVIDIA GeForce RTX 3060 Laptop GPU, 44, 14 %, 2955 MiB, 29.21 W, 1567 MHz, 7001 MHz
2026/09/22 20:40:23.355, NVIDIA GeForce RTX 3060 Laptop GPU, 44, 12 %, 2937 MiB, 30.02 W, 1567 MHz, 7001 MHz
2026/09/22 20:40:24.369, NVIDIA GeForce RTX 3060 Laptop GPU, 44, 19 %, 2937 MiB, 29.20 W, 870 MHz, 7001 MHz
2026/09/22 20:40:25.377, NVIDIA GeForce RTX 3060 Laptop GPU, 44, 18 %, 2931 MiB, 24.74 W, 682 MHz, 7001 MHz
2026/09/22 20:40:26.390, NVIDIA GeForce RTX 3060 Laptop GPU, 44, 22 %, 2941 MiB, 24.49 W, 547 MHz, 7001 MHz
2026/09/22 20:40:27.403, NVIDIA GeForce RTX 3060 Laptop GPU, 44, 23 %, 2832 MiB, 25.20 W, 480 MHz, 7001 MHz
2026/09/22 20:40:28.413, NVIDIA GeForce RTX 3060 Laptop GPU, 44, 24 %, 2937 MiB, 24.45 W, 412 MHz, 7001 MHz
2026/09/22 20:40:29.423, NVIDIA GeForce RTX 3060 Laptop GPU, 44, 31 %, 2938 MiB, 25.79 W, 555 MHz, 7001 MHz
2026/09/22 20:40:30.435, NVIDIA GeForce RTX 3060 Laptop GPU, 45, 40 %, 2934 MiB, 27.11 W, 607 MHz, 7001 MHz
2026/09/22 20:40:31.444, NVIDIA GeForce RTX 3060 Laptop GPU, 45, 37 %, 2935 MiB, 26.58 W, 637 MHz, 7001 MHz
2026/09/22 20:40:32.458, NVIDIA GeForce RTX 3060 Laptop GPU, 44, 20 %, 2933 MiB, 25.56 W, 637 MHz, 7001 MHz
2026/09/22 20:40:33.459, NVIDIA GeForce RTX 3060 Laptop GPU, 45, 24 %, 2750 MiB, 24.46 W, 427 MHz, 7001 MHz
2026/09/22 20:40:34.472, NVIDIA GeForce RTX 3060 Laptop GPU, 45, 28 %, 2945 MiB, 25.91 W, 495 MHz, 7001 MHz
2026/09/22 20:40:35.485, NVIDIA GeForce RTX 3060 Laptop GPU, 45, 19 %, 2934 MiB, 24.44 W, 495 MHz, 7001 MHz
2026/09/22 20:40:36.487, NVIDIA GeForce RTX 3060 Laptop GPU, 45, 31 %, 2925 MiB, 24.31 W, 322 MHz, 7001 MHz
2026/09/22 20:40:37.490, NVIDIA GeForce RTX 3060 Laptop GPU, 45, 38 %, 2935 MiB, 24.96 W, 375 MHz, 7001 MHz
2026/09/22 20:40:38.505, NVIDIA GeForce RTX 3060 Laptop GPU, 45, 36 %, 2935 MiB, 25.11 W, 375 MHz, 7001 MHz
2026/09/22 20:40:39.517, NVIDIA GeForce RTX 3060 Laptop GPU, 45, 31 %, 2741 MiB, 24.47 W, 337 MHz, 7001 MHz
2026/09/22 20:40:40.532, NVIDIA GeForce RTX 3060 Laptop GPU, 45, 30 %, 2730 MiB, 24.31 W, 307 MHz, 7001 MHz
2026/09/22 20:40:41.543, NVIDIA GeForce RTX 3060 Laptop GPU, 45, 40 %, 2740 MiB, 24.82 W, 330 MHz, 7001 MHz
2026/09/22 20:40:42.557, NVIDIA GeForce RTX 3060 Laptop GPU, 45, 31 %, 2740 MiB, 25.10 W, 360 MHz, 7001 MHz
2026/09/22 20:40:43.568, NVIDIA GeForce RTX 3060 Laptop GPU, 45, 39 %, 2942 MiB, 25.11 W, 412 MHz, 7001 MHz
2026/09/22 20:40:44.583, NVIDIA GeForce RTX 3060 Laptop GPU, 45, 28 %, 2933 MiB, 24.52 W, 412 MHz, 7001 MHz
2026/09/22 20:40:45.596, NVIDIA GeForce RTX 3060 Laptop GPU, 45, 40 %, 2942 MiB, 25.04 W, 397 MHz, 7001 MHz
2026/09/22 20:40:46.611, NVIDIA GeForce RTX 3060 Laptop GPU, 45, 29 %, 2942 MiB, 25.05 W, 360 MHz, 7001 MHz
2026/09/22 20:40:47.625, NVIDIA GeForce RTX 3060 Laptop GPU, 45, 32 %, 2942 MiB, 24.44 W, 322 MHz, 7001 MHz
2026/09/22 20:40:48.641, NVIDIA GeForce RTX 3060 Laptop GPU, 45, 43 %, 2738 MiB, 24.42 W, 322 MHz, 7001 MHz
2026/09/22 20:40:49.647, NVIDIA GeForce RTX 3060 Laptop GPU, 45, 43 %, 2740 MiB, 25.17 W, 375 MHz, 7001 MHz
2026/09/22 20:40:50.660, NVIDIA GeForce RTX 3060 Laptop GPU, 45, 27 %, 2740 MiB, 25.12 W, 375 MHz, 7001 MHz
2026/09/22 20:40:51.672, NVIDIA GeForce RTX 3060 Laptop GPU, 45, 31 %, 2740 MiB, 24.40 W, 307 MHz, 7001 MHz
2026/09/22 20:40:52.685, NVIDIA GeForce RTX 3060 Laptop GPU, 45, 34 %, 2730 MiB, 24.33 W, 285 MHz, 7001 MHz
2026/09/22 20:40:53.689, NVIDIA GeForce RTX 3060 Laptop GPU, 46, 44 %, 2950 MiB, 25.22 W, 435 MHz, 7001 MHz
2026/09/22 20:40:54.701, NVIDIA GeForce RTX 3060 Laptop GPU, 45, 27 %, 2950 MiB, 25.48 W, 450 MHz, 7001 MHz
2026/09/22 20:40:55.714, NVIDIA GeForce RTX 3060 Laptop GPU, 45, 22 %, 2950 MiB, 24.48 W, 345 MHz, 7001 MHz
2026/09/22 20:40:56.728, NVIDIA GeForce RTX 3060 Laptop GPU, 45, 29 %, 2940 MiB, 24.34 W, 307 MHz, 7001 MHz
2026/09/22 20:40:57.741, NVIDIA GeForce RTX 3060 Laptop GPU, 46, 41 %, 2763 MiB, 24.94 W, 345 MHz, 7001 MHz
2026/09/22 20:40:58.756, NVIDIA GeForce RTX 3060 Laptop GPU, 46, 34 %, 2750 MiB, 25.17 W, 360 MHz, 7001 MHz
2026/09/22 20:40:59.766, NVIDIA GeForce RTX 3060 Laptop GPU, 45, 27 %, 2750 MiB, 24.63 W, 360 MHz, 7001 MHz
2026/09/22 20:41:00.774, NVIDIA GeForce RTX 3060 Laptop GPU, 46, 27 %, 2741 MiB, 24.40 W, 292 MHz, 7001 MHz
2026/09/22 20:41:01.788, NVIDIA GeForce RTX 3060 Laptop GPU, 46, 40 %, 2662 MiB, 26.08 W, 367 MHz, 7001 MHz
2026/09/22 20:41:02.800, NVIDIA GeForce RTX 3060 Laptop GPU, 45, 23 %, 2845 MiB, 24.47 W, 472 MHz, 7001 MHz
2026/09/22 20:41:03.810, NVIDIA GeForce RTX 3060 Laptop GPU, 45, 34 %, 2843 MiB, 24.73 W, 472 MHz, 7001 MHz
2026/09/22 20:41:04.821, NVIDIA GeForce RTX 3060 Laptop GPU, 45, 26 %, 2830 MiB, 24.63 W, 382 MHz, 7001 MHz
2026/09/22 20:41:05.835, NVIDIA GeForce RTX 3060 Laptop GPU, 45, 37 %, 2840 MiB, 25.11 W, 412 MHz, 7001 MHz
2026/09/22 20:41:06.844, NVIDIA GeForce RTX 3060 Laptop GPU, 44, 26 %, 2836 MiB, 25.17 W, 412 MHz, 7001 MHz
2026/09/22 20:41:07.852, NVIDIA GeForce RTX 3060 Laptop GPU, 44, 31 %, 2649 MiB, 24.36 W, 322 MHz, 7001 MHz
2026/09/22 20:41:08.868, NVIDIA GeForce RTX 3060 Laptop GPU, 44, 44 %, 2839 MiB, 24.49 W, 360 MHz, 7001 MHz
2026/09/22 20:41:09.876, NVIDIA GeForce RTX 3060 Laptop GPU, 44, 26 %, 2839 MiB, 25.54 W, 427 MHz, 7001 MHz
2026/09/22 20:41:10.879, NVIDIA GeForce RTX 3060 Laptop GPU, 44, 25 %, 2839 MiB, 24.39 W, 427 MHz, 7001 MHz
2026/09/22 20:41:11.890, NVIDIA GeForce RTX 3060 Laptop GPU, 44, 34 %, 2834 MiB, 24.32 W, 307 MHz, 7001 MHz
2026/09/22 20:41:12.896, NVIDIA GeForce RTX 3060 Laptop GPU, 44, 34 %, 2838 MiB, 24.23 W, 285 MHz, 7001 MHz
2026/09/22 20:41:13.911, NVIDIA GeForce RTX 3060 Laptop GPU, 44, 37 %, 2819 MiB, 25.42 W, 465 MHz, 7001 MHz
2026/09/22 20:41:14.920, NVIDIA GeForce RTX 3060 Laptop GPU, 44, 23 %, 2657 MiB, 24.61 W, 465 MHz, 7001 MHz
2026/09/22 20:41:15.929, NVIDIA GeForce RTX 3060 Laptop GPU, 43, 27 %, 2858 MiB, 24.16 W, 330 MHz, 7001 MHz
2026/09/22 20:41:16.943, NVIDIA GeForce RTX 3060 Laptop GPU, 44, 12 %, 3022 MiB, 29.04 W, 1567 MHz, 7001 MHz
2026/09/22 20:41:17.955, NVIDIA GeForce RTX 3060 Laptop GPU, 44, 13 %, 4000 MiB, 30.72 W, 1567 MHz, 7001 MHz
2026/09/22 20:41:18.962, NVIDIA GeForce RTX 3060 Laptop GPU, 50, 99 %, 4063 MiB, 53.92 W, 1972 MHz, 7001 MHz
2026/09/22 20:41:19.964, NVIDIA GeForce RTX 3060 Laptop GPU, 53, 98 %, 4050 MiB, 103.71 W, 1972 MHz, 7001 MHz
2026/09/22 20:41:20.978, NVIDIA GeForce RTX 3060 Laptop GPU, 54, 99 %, 3912 MiB, 106.29 W, 1972 MHz, 7001 MHz
2026/09/22 20:41:21.979, NVIDIA GeForce RTX 3060 Laptop GPU, 54, 99 %, 3905 MiB, 106.30 W, 1972 MHz, 7001 MHz
2026/09/22 20:41:22.992, NVIDIA GeForce RTX 3060 Laptop GPU, 55, 99 %, 3898 MiB, 108.06 W, 1987 MHz, 7001 MHz
2026/09/22 20:41:24.005, NVIDIA GeForce RTX 3060 Laptop GPU, 55, 99 %, 3890 MiB, 105.25 W, 1987 MHz, 7001 MHz
2026/09/22 20:41:25.013, NVIDIA GeForce RTX 3060 Laptop GPU, 56, 99 %, 3900 MiB, 107.85 W, 1987 MHz, 7001 MHz
2026/09/22 20:41:26.026, NVIDIA GeForce RTX 3060 Laptop GPU, 56, 99 %, 3843 MiB, 108.20 W, 1987 MHz, 7001 MHz
2026/09/22 20:41:27.039, NVIDIA GeForce RTX 3060 Laptop GPU, 56, 99 %, 3833 MiB, 108.39 W, 1987 MHz, 7001 MHz
2026/09/22 20:41:28.051, NVIDIA GeForce RTX 3060 Laptop GPU, 57, 99 %, 3829 MiB, 108.58 W, 1987 MHz, 7001 MHz
2026/09/22 20:41:29.053, NVIDIA GeForce RTX 3060 Laptop GPU, 57, 99 %, 3838 MiB, 106.58 W, 1987 MHz, 7001 MHz
2026/09/22 20:41:30.066, NVIDIA GeForce RTX 3060 Laptop GPU, 57, 99 %, 4033 MiB, 108.94 W, 1987 MHz, 7001 MHz
2026/09/22 20:41:31.068, NVIDIA GeForce RTX 3060 Laptop GPU, 57, 99 %, 4033 MiB, 108.63 W, 1987 MHz, 7001 MHz
2026/09/22 20:41:32.074, NVIDIA GeForce RTX 3060 Laptop GPU, 58, 99 %, 4027 MiB, 109.00 W, 1987 MHz, 7001 MHz
2026/09/22 20:41:33.086, NVIDIA GeForce RTX 3060 Laptop GPU, 58, 99 %, 4033 MiB, 108.41 W, 1987 MHz, 7001 MHz
2026/09/22 20:41:34.097, NVIDIA GeForce RTX 3060 Laptop GPU, 58, 99 %, 3852 MiB, 105.65 W, 1987 MHz, 7001 MHz
2026/09/22 20:41:35.107, NVIDIA GeForce RTX 3060 Laptop GPU, 58, 99 %, 3833 MiB, 108.31 W, 1987 MHz, 7001 MHz
2026/09/22 20:41:36.120, NVIDIA GeForce RTX 3060 Laptop GPU, 58, 98 %, 3850 MiB, 109.03 W, 1987 MHz, 7001 MHz
2026/09/22 20:41:37.132, NVIDIA GeForce RTX 3060 Laptop GPU, 59, 98 %, 3851 MiB, 108.83 W, 1987 MHz, 7001 MHz
2026/09/22 20:41:38.141, NVIDIA GeForce RTX 3060 Laptop GPU, 59, 99 %, 3850 MiB, 108.45 W, 1987 MHz, 7001 MHz
2026/09/22 20:41:39.143, NVIDIA GeForce RTX 3060 Laptop GPU, 59, 99 %, 3846 MiB, 106.56 W, 1987 MHz, 7001 MHz
2026/09/22 20:41:40.158, NVIDIA GeForce RTX 3060 Laptop GPU, 59, 99 %, 3846 MiB, 108.52 W, 1987 MHz, 7001 MHz
2026/09/22 20:41:41.172, NVIDIA GeForce RTX 3060 Laptop GPU, 59, 99 %, 3839 MiB, 108.91 W, 1987 MHz, 7001 MHz
2026/09/22 20:41:42.183, NVIDIA GeForce RTX 3060 Laptop GPU, 59, 99 %, 3839 MiB, 108.60 W, 1987 MHz, 7001 MHz
2026/09/22 20:41:43.193, NVIDIA GeForce RTX 3060 Laptop GPU, 54, 10 %, 2638 MiB, 81.14 W, 1987 MHz, 7001 MHz
2026/09/22 20:41:44.201, NVIDIA GeForce RTX 3060 Laptop GPU, 53, 11 %, 2633 MiB, 43.95 W, 1987 MHz, 7001 MHz
2026/09/22 20:41:45.212, NVIDIA GeForce RTX 3060 Laptop GPU, 50, 23 %, 2643 MiB, 32.23 W, 832 MHz, 7001 MHz
2026/09/22 20:41:46.223, NVIDIA GeForce RTX 3060 Laptop GPU, 50, 17 %, 2643 MiB, 25.81 W, 675 MHz, 7001 MHz
2026/09/22 20:41:47.232, NVIDIA GeForce RTX 3060 Laptop GPU, 50, 29 %, 3016 MiB, 29.55 W, 1567 MHz, 7001 MHz
2026/09/22 20:41:48.233, NVIDIA GeForce RTX 3060 Laptop GPU, 50, 13 %, 3001 MiB, 30.17 W, 1567 MHz, 7001 MHz
2026/09/22 20:41:49.243, NVIDIA GeForce RTX 3060 Laptop GPU, 50, 74 %, 4042 MiB, 35.47 W, 1567 MHz, 7001 MHz
2026/09/22 20:41:50.256, NVIDIA GeForce RTX 3060 Laptop GPU, 57, 77 %, 4043 MiB, 95.14 W, 1987 MHz, 7001 MHz
2026/09/22 20:41:51.266, NVIDIA GeForce RTX 3060 Laptop GPU, 58, 98 %, 4056 MiB, 105.32 W, 1987 MHz, 7001 MHz
2026/09/22 20:41:52.280, NVIDIA GeForce RTX 3060 Laptop GPU, 58, 98 %, 4088 MiB, 104.68 W, 1987 MHz, 7001 MHz
2026/09/22 20:41:53.281, NVIDIA GeForce RTX 3060 Laptop GPU, 58, 98 %, 4076 MiB, 103.76 W, 1987 MHz, 7001 MHz
2026/09/22 20:41:54.284, NVIDIA GeForce RTX 3060 Laptop GPU, 58, 97 %, 4054 MiB, 103.28 W, 1987 MHz, 7001 MHz
2026/09/22 20:41:55.297, NVIDIA GeForce RTX 3060 Laptop GPU, 59, 98 %, 4048 MiB, 104.61 W, 1987 MHz, 7001 MHz
2026/09/22 20:41:56.312, NVIDIA GeForce RTX 3060 Laptop GPU, 59, 97 %, 4044 MiB, 104.19 W, 1987 MHz, 7001 MHz
2026/09/22 20:41:57.323, NVIDIA GeForce RTX 3060 Laptop GPU, 59, 98 %, 4081 MiB, 103.63 W, 1987 MHz, 7001 MHz
2026/09/22 20:41:58.335, NVIDIA GeForce RTX 3060 Laptop GPU, 59, 98 %, 4075 MiB, 102.76 W, 1987 MHz, 7001 MHz
2026/09/22 20:41:59.343, NVIDIA GeForce RTX 3060 Laptop GPU, 59, 98 %, 4068 MiB, 101.92 W, 1987 MHz, 7001 MHz
2026/09/22 20:42:00.356, NVIDIA GeForce RTX 3060 Laptop GPU, 59, 97 %, 4054 MiB, 104.33 W, 1987 MHz, 7001 MHz
2026/09/22 20:42:01.368, NVIDIA GeForce RTX 3060 Laptop GPU, 60, 98 %, 4064 MiB, 104.23 W, 1972 MHz, 7001 MHz
2026/09/22 20:42:02.379, NVIDIA GeForce RTX 3060 Laptop GPU, 60, 97 %, 3904 MiB, 104.25 W, 1972 MHz, 7001 MHz
2026/09/22 20:42:03.395, NVIDIA GeForce RTX 3060 Laptop GPU, 60, 97 %, 3893 MiB, 103.87 W, 1972 MHz, 7001 MHz
2026/09/22 20:42:04.395, NVIDIA GeForce RTX 3060 Laptop GPU, 60, 97 %, 3912 MiB, 101.91 W, 1972 MHz, 7001 MHz
2026/09/22 20:42:05.410, NVIDIA GeForce RTX 3060 Laptop GPU, 61, 97 %, 4196 MiB, 103.96 W, 1972 MHz, 7001 MHz
2026/09/22 20:42:06.412, NVIDIA GeForce RTX 3060 Laptop GPU, 61, 98 %, 4486 MiB, 105.31 W, 1972 MHz, 7001 MHz
2026/09/22 20:42:07.426, NVIDIA GeForce RTX 3060 Laptop GPU, 61, 97 %, 4565 MiB, 110.70 W, 1972 MHz, 7001 MHz
2026/09/22 20:42:08.438, NVIDIA GeForce RTX 3060 Laptop GPU, 61, 98 %, 4531 MiB, 110.64 W, 1972 MHz, 7001 MHz
2026/09/22 20:42:09.446, NVIDIA GeForce RTX 3060 Laptop GPU, 62, 96 %, 4572 MiB, 108.22 W, 1972 MHz, 7001 MHz
2026/09/22 20:42:10.447, NVIDIA GeForce RTX 3060 Laptop GPU, 61, 97 %, 4603 MiB, 107.74 W, 1972 MHz, 7001 MHz
2026/09/22 20:42:11.454, NVIDIA GeForce RTX 3060 Laptop GPU, 62, 97 %, 4587 MiB, 111.52 W, 1935 MHz, 7001 MHz
2026/09/22 20:42:12.464, NVIDIA GeForce RTX 3060 Laptop GPU, 63, 95 %, 4445 MiB, 118.81 W, 1920 MHz, 7001 MHz
2026/09/22 20:42:13.478, NVIDIA GeForce RTX 3060 Laptop GPU, 57, 3 %, 3229 MiB, 91.90 W, 1972 MHz, 7001 MHz
2026/09/22 20:42:14.486, NVIDIA GeForce RTX 3060 Laptop GPU, 55, 3 %, 3086 MiB, 42.80 W, 1972 MHz, 7001 MHz
2026/09/22 20:42:15.496, NVIDIA GeForce RTX 3060 Laptop GPU, 53, 5 %, 2837 MiB, 32.72 W, 555 MHz, 7001 MHz
2026/09/22 20:42:16.505, NVIDIA GeForce RTX 3060 Laptop GPU, 52, 7 %, 2659 MiB, 24.46 W, 307 MHz, 7001 MHz
2026/09/22 20:42:17.518, NVIDIA GeForce RTX 3060 Laptop GPU, 51, 10 %, 2659 MiB, 24.25 W, 217 MHz, 7001 MHz
2026/09/22 20:42:18.530, NVIDIA GeForce RTX 3060 Laptop GPU, 51, 27 %, 2659 MiB, 24.35 W, 210 MHz, 7001 MHz
2026/09/22 20:42:19.539, NVIDIA GeForce RTX 3060 Laptop GPU, 50, 11 %, 2659 MiB, 24.17 W, 210 MHz, 7001 MHz
2026/09/22 20:42:20.554, NVIDIA GeForce RTX 3060 Laptop GPU, 50, 11 %, 2659 MiB, 23.94 W, 210 MHz, 7001 MHz
2026/09/22 20:42:21.569, NVIDIA GeForce RTX 3060 Laptop GPU, 49, 11 %, 2658 MiB, 24.02 W, 210 MHz, 7001 MHz
2026/09/22 20:42:22.583, NVIDIA GeForce RTX 3060 Laptop GPU, 49, 11 %, 2658 MiB, 23.88 W, 210 MHz, 7001 MHz
2026/09/22 20:42:23.585, NVIDIA GeForce RTX 3060 Laptop GPU, 49, 28 %, 2658 MiB, 24.04 W, 210 MHz, 7001 MHz
2026/09/22 20:42:24.594, NVIDIA GeForce RTX 3060 Laptop GPU, 48, 11 %, 2655 MiB, 23.98 W, 210 MHz, 7001 MHz
2026/09/22 20:42:25.609, NVIDIA GeForce RTX 3060 Laptop GPU, 48, 11 %, 2655 MiB, 23.88 W, 210 MHz, 7001 MHz
2026/09/22 20:42:26.623, NVIDIA GeForce RTX 3060 Laptop GPU, 48, 11 %, 2654 MiB, 23.92 W, 210 MHz, 7001 MHz
2026/09/22 20:42:27.627, NVIDIA GeForce RTX 3060 Laptop GPU, 48, 11 %, 2654 MiB, 23.95 W, 210 MHz, 7001 MHz
2026/09/22 20:42:28.630, NVIDIA GeForce RTX 3060 Laptop GPU, 47, 27 %, 2654 MiB, 23.97 W, 210 MHz, 7001 MHz
2026/09/22 20:42:29.632, NVIDIA GeForce RTX 3060 Laptop GPU, 48, 4 %, 2818 MiB, 26.87 W, 1567 MHz, 7001 MHz
2026/09/22 20:42:30.641, NVIDIA GeForce RTX 3060 Laptop GPU, 48, 8 %, 2900 MiB, 28.64 W, 1567 MHz, 7001 MHz
2026/09/22 20:42:31.652, NVIDIA GeForce RTX 3060 Laptop GPU, 52, 5 %, 3212 MiB, 53.98 W, 1972 MHz, 7001 MHz
2026/09/22 20:42:32.664, NVIDIA GeForce RTX 3060 Laptop GPU, 49, 3 %, 2654 MiB, 40.76 W, 1972 MHz, 7001 MHz
2026/09/22 20:42:33.676, NVIDIA GeForce RTX 3060 Laptop GPU, 48, 13 %, 2654 MiB, 36.36 W, 592 MHz, 7001 MHz
2026/09/22 20:42:34.688, NVIDIA GeForce RTX 3060 Laptop GPU, 47, 7 %, 2654 MiB, 24.13 W, 420 MHz, 7001 MHz
2026/09/22 20:42:35.697, NVIDIA GeForce RTX 3060 Laptop GPU, 47, 4 %, 2818 MiB, 26.82 W, 1567 MHz, 7001 MHz
2026/09/22 20:42:36.704, NVIDIA GeForce RTX 3060 Laptop GPU, 47, 8 %, 3040 MiB, 28.65 W, 1567 MHz, 7001 MHz
2026/09/22 20:42:37.714, NVIDIA GeForce RTX 3060 Laptop GPU, 53, 72 %, 3214 MiB, 54.53 W, 1972 MHz, 7001 MHz
2026/09/22 20:42:38.727, NVIDIA GeForce RTX 3060 Laptop GPU, 49, 8 %, 2654 MiB, 45.63 W, 1972 MHz, 7001 MHz
2026/09/22 20:42:39.739, NVIDIA GeForce RTX 3060 Laptop GPU, 47, 5 %, 2652 MiB, 36.49 W, 675 MHz, 7001 MHz
2026/09/22 20:42:40.753, NVIDIA GeForce RTX 3060 Laptop GPU, 46, 7 %, 2652 MiB, 24.13 W, 457 MHz, 7001 MHz
2026/09/22 20:42:41.765, NVIDIA GeForce RTX 3060 Laptop GPU, 46, 8 %, 2652 MiB, 23.78 W, 315 MHz, 7001 MHz
2026/09/22 20:42:42.772, NVIDIA GeForce RTX 3060 Laptop GPU, 46, 11 %, 2652 MiB, 23.71 W, 225 MHz, 7001 MHz
2026/09/22 20:42:43.775, NVIDIA GeForce RTX 3060 Laptop GPU, 47, 10 %, 2816 MiB, 29.49 W, 1567 MHz, 7001 MHz
2026/09/22 20:42:44.778, NVIDIA GeForce RTX 3060 Laptop GPU, 46, 4 %, 2862 MiB, 28.56 W, 1567 MHz, 7001 MHz
2026/09/22 20:42:45.790, NVIDIA GeForce RTX 3060 Laptop GPU, 49, 80 %, 4655 MiB, 41.58 W, 1747 MHz, 7001 MHz
2026/09/22 20:42:46.791, NVIDIA GeForce RTX 3060 Laptop GPU, 57, 99 %, 4635 MiB, 115.08 W, 1980 MHz, 7001 MHz
2026/09/22 20:42:47.796, NVIDIA GeForce RTX 3060 Laptop GPU, 57, 19 %, 4635 MiB, 117.57 W, 1987 MHz, 7001 MHz
2026/09/22 20:42:48.808, NVIDIA GeForce RTX 3060 Laptop GPU, 50, 8 %, 2622 MiB, 42.22 W, 1972 MHz, 7001 MHz
2026/09/22 20:42:49.821, NVIDIA GeForce RTX 3060 Laptop GPU, 48, 5 %, 2622 MiB, 36.54 W, 615 MHz, 7001 MHz
2026/09/22 20:42:50.826, NVIDIA GeForce RTX 3060 Laptop GPU, 47, 7 %, 2622 MiB, 24.01 W, 420 MHz, 7001 MHz
2026/09/22 20:42:51.834, NVIDIA GeForce RTX 3060 Laptop GPU, 46, 9 %, 2622 MiB, 23.75 W, 292 MHz, 7001 MHz
2026/09/22 20:42:52.838, NVIDIA GeForce RTX 3060 Laptop GPU, 46, 11 %, 2622 MiB, 23.60 W, 210 MHz, 7001 MHz
2026/09/22 20:42:53.851, NVIDIA GeForce RTX 3060 Laptop GPU, 47, 10 %, 2784 MiB, 29.26 W, 1567 MHz, 7001 MHz
2026/09/22 20:42:54.865, NVIDIA GeForce RTX 3060 Laptop GPU, 47, 4 %, 3116 MiB, 28.51 W, 1567 MHz, 7001 MHz
2026/09/22 20:42:55.867, NVIDIA GeForce RTX 3060 Laptop GPU, 53, 98 %, 4634 MiB, 54.53 W, 1852 MHz, 7001 MHz
2026/09/22 20:42:56.871, NVIDIA GeForce RTX 3060 Laptop GPU, 57, 98 %, 4634 MiB, 118.83 W, 1965 MHz, 7001 MHz
2026/09/22 20:42:57.884, NVIDIA GeForce RTX 3060 Laptop GPU, 54, 2 %, 4634 MiB, 110.22 W, 1987 MHz, 7001 MHz
2026/09/22 20:42:58.897, NVIDIA GeForce RTX 3060 Laptop GPU, 50, 8 %, 2621 MiB, 41.26 W, 1995 MHz, 7001 MHz
2026/09/22 20:42:59.909, NVIDIA GeForce RTX 3060 Laptop GPU, 48, 7 %, 2621 MiB, 36.65 W, 622 MHz, 7001 MHz
2026/09/22 20:43:00.922, NVIDIA GeForce RTX 3060 Laptop GPU, 47, 7 %, 2613 MiB, 24.00 W, 427 MHz, 7001 MHz
2026/09/22 20:43:01.934, NVIDIA GeForce RTX 3060 Laptop GPU, 46, 9 %, 2613 MiB, 23.87 W, 292 MHz, 7001 MHz
2026/09/22 20:43:02.943, NVIDIA GeForce RTX 3060 Laptop GPU, 46, 11 %, 2613 MiB, 23.70 W, 210 MHz, 7001 MHz
2026/09/22 20:43:03.953, NVIDIA GeForce RTX 3060 Laptop GPU, 46, 27 %, 2613 MiB, 23.86 W, 210 MHz, 7001 MHz
2026/09/22 20:43:04.967, NVIDIA GeForce RTX 3060 Laptop GPU, 45, 11 %, 2613 MiB, 23.73 W, 210 MHz, 7001 MHz
2026/09/22 20:43:05.979, NVIDIA GeForce RTX 3060 Laptop GPU, 45, 11 %, 2613 MiB, 23.53 W, 210 MHz, 7001 MHz
2026/09/22 20:43:06.992, NVIDIA GeForce RTX 3060 Laptop GPU, 45, 11 %, 2613 MiB, 23.51 W, 210 MHz, 7001 MHz
2026/09/22 20:43:08.005, NVIDIA GeForce RTX 3060 Laptop GPU, 44, 11 %, 2613 MiB, 23.50 W, 210 MHz, 7001 MHz
2026/09/22 20:43:09.019, NVIDIA GeForce RTX 3060 Laptop GPU, 44, 10 %, 2613 MiB, 23.66 W, 210 MHz, 7001 MHz
2026/09/22 20:43:10.022, NVIDIA GeForce RTX 3060 Laptop GPU, 44, 10 %, 2613 MiB, 23.48 W, 210 MHz, 7001 MHz
2026/09/22 20:43:11.037, NVIDIA GeForce RTX 3060 Laptop GPU, 44, 10 %, 2613 MiB, 23.43 W, 210 MHz, 7001 MHz
2026/09/22 20:43:12.052, NVIDIA GeForce RTX 3060 Laptop GPU, 44, 10 %, 2613 MiB, 23.52 W, 210 MHz, 7001 MHz
2026/09/22 20:43:13.058, NVIDIA GeForce RTX 3060 Laptop GPU, 44, 10 %, 2613 MiB, 23.43 W, 210 MHz, 7001 MHz
2026/09/22 20:43:14.068, NVIDIA GeForce RTX 3060 Laptop GPU, 44, 10 %, 2613 MiB, 23.62 W, 210 MHz, 7001 MHz
2026/09/22 20:43:15.080, NVIDIA GeForce RTX 3060 Laptop GPU, 44, 11 %, 2613 MiB, 23.31 W, 210 MHz, 7001 MHz
2026/09/22 20:43:16.083, NVIDIA GeForce RTX 3060 Laptop GPU, 44, 4 %, 2776 MiB, 28.33 W, 1567 MHz, 7001 MHz
2026/09/22 20:43:17.096, NVIDIA GeForce RTX 3060 Laptop GPU, 44, 4 %, 2776 MiB, 28.17 W, 1567 MHz, 7001 MHz
2026/09/22 20:43:18.100, NVIDIA GeForce RTX 3060 Laptop GPU, 46, 28 %, 4162 MiB, 33.94 W, 1567 MHz, 7001 MHz
2026/09/22 20:43:19.115, NVIDIA GeForce RTX 3060 Laptop GPU, 54, 99 %, 4162 MiB, 97.59 W, 1980 MHz, 7001 MHz
2026/09/22 20:43:20.120, NVIDIA GeForce RTX 3060 Laptop GPU, 49, 3 %, 4162 MiB, 98.09 W, 1995 MHz, 7001 MHz
2026/09/22 20:43:21.121, NVIDIA GeForce RTX 3060 Laptop GPU, 47, 3 %, 2644 MiB, 40.33 W, 1995 MHz, 7001 MHz
2026/09/22 20:43:22.136, NVIDIA GeForce RTX 3060 Laptop GPU, 45, 6 %, 2644 MiB, 31.53 W, 525 MHz, 7001 MHz
2026/09/22 20:43:23.149, NVIDIA GeForce RTX 3060 Laptop GPU, 44, 7 %, 2644 MiB, 23.76 W, 360 MHz, 7001 MHz
2026/09/22 20:43:24.164, NVIDIA GeForce RTX 3060 Laptop GPU, 45, 86 %, 2846 MiB, 36.25 W, 420 MHz, 7001 MHz
2026/09/22 20:43:25.178, NVIDIA GeForce RTX 3060 Laptop GPU, 45, 7 %, 3014 MiB, 28.84 W, 1567 MHz, 7001 MHz
2026/09/22 20:43:26.187, NVIDIA GeForce RTX 3060 Laptop GPU, 45, 17 %, 3188 MiB, 31.25 W, 1567 MHz, 7001 MHz
2026/09/22 20:43:27.194, NVIDIA GeForce RTX 3060 Laptop GPU, 47, 21 %, 4558 MiB, 43.63 W, 1980 MHz, 7001 MHz
2026/09/22 20:43:28.205, NVIDIA GeForce RTX 3060 Laptop GPU, 54, 97 %, 4531 MiB, 106.16 W, 1995 MHz, 7001 MHz
2026/09/22 20:43:29.216, NVIDIA GeForce RTX 3060 Laptop GPU, 54, 99 %, 4539 MiB, 106.60 W, 1995 MHz, 7001 MHz
2026/09/22 20:43:30.227, NVIDIA GeForce RTX 3060 Laptop GPU, 49, 13 %, 2982 MiB, 66.61 W, 1995 MHz, 7001 MHz
2026/09/22 20:43:31.237, NVIDIA GeForce RTX 3060 Laptop GPU, 48, 11 %, 2856 MiB, 44.42 W, 1995 MHz, 7001 MHz
2026/09/22 20:43:32.239, NVIDIA GeForce RTX 3060 Laptop GPU, 46, 18 %, 2863 MiB, 30.51 W, 990 MHz, 7001 MHz
2026/09/22 20:43:33.249, NVIDIA GeForce RTX 3060 Laptop GPU, 46, 18 %, 2843 MiB, 26.27 W, 825 MHz, 7001 MHz
2026/09/22 20:43:34.257, NVIDIA GeForce RTX 3060 Laptop GPU, 45, 21 %, 2844 MiB, 26.04 W, 750 MHz, 7001 MHz
2026/09/22 20:43:35.270, NVIDIA GeForce RTX 3060 Laptop GPU, 45, 21 %, 2819 MiB, 24.82 W, 600 MHz, 7001 MHz
2026/09/22 20:43:36.279, NVIDIA GeForce RTX 3060 Laptop GPU, 45, 23 %, 2822 MiB, 26.06 W, 532 MHz, 7001 MHz
2026/09/22 20:43:37.293, NVIDIA GeForce RTX 3060 Laptop GPU, 45, 33 %, 2967 MiB, 30.19 W, 1177 MHz, 7001 MHz
2026/09/22 20:43:38.304, NVIDIA GeForce RTX 3060 Laptop GPU, 45, 36 %, 2966 MiB, 30.85 W, 1417 MHz, 7001 MHz
2026/09/22 20:43:39.317, NVIDIA GeForce RTX 3060 Laptop GPU, 45, 33 %, 3450 MiB, 30.96 W, 1417 MHz, 7001 MHz
2026/09/22 20:43:40.330, NVIDIA GeForce RTX 3060 Laptop GPU, 45, 31 %, 3564 MiB, 29.73 W, 1087 MHz, 7001 MHz
2026/09/22 20:43:41.343, NVIDIA GeForce RTX 3060 Laptop GPU, 45, 37 %, 3515 MiB, 28.73 W, 1005 MHz, 7001 MHz
2026/09/22 20:43:42.356, NVIDIA GeForce RTX 3060 Laptop GPU, 45, 35 %, 3545 MiB, 28.59 W, 930 MHz, 7001 MHz
2026/09/22 20:43:43.366, NVIDIA GeForce RTX 3060 Laptop GPU, 45, 24 %, 3532 MiB, 31.66 W, 1492 MHz, 7001 MHz
2026/09/22 20:43:44.375, NVIDIA GeForce RTX 3060 Laptop GPU, 45, 25 %, 3374 MiB, 34.31 W, 1507 MHz, 7001 MHz
2026/09/22 20:43:45.386, NVIDIA GeForce RTX 3060 Laptop GPU, 45, 25 %, 3383 MiB, 31.61 W, 1035 MHz, 7001 MHz
